User Name,Job Title,Location,Profile URL,Profile Image URL
Ahmed Ali,Business Strategist,Pakistan,https://www.linkedin.com/in/ahmed-ali-60971416?miniProfileUrn=urn%3Ali%3Afs_miniProfile%3AACoAAANPI2kBGwOA-B43NuLRIKg_cNPkyy0YSB0,https://media.licdn.com/dms/image/D4D03AQGohk2jqXqAnQ/profile-displayphoto-shrink_100_100/0/1693875651695?e=1700697600&v=beta&t=X1kFz26s3iXZdeGPPiskUKEjXL9wRiS0DdIVWza_ggo
Ahmed Ali,Assistant Manager Talent Acquisition at i2c Inc. | We're Hiring! 游눤游Java Developers | Mobile Developers | Technical Project Manager | Business Analyst | Artificial Intelligence | Quality Consultant | Client Engagement,Lahore,https://www.linkedin.com/in/ahmed-ali-799648125?miniProfileUrn=urn%3Ali%3Afs_miniProfile%3AACoAAB7ilmUBblQ8bJn4wyZtci3gmCWTiy9Hwyo,https://media.licdn.com/dms/image/D4D03AQFX8lQ37IJw2A/profile-displayphoto-shrink_100_100/0/1673245879488?e=1700697600&v=beta&t=ukXl64UjDqv0nR_-XMbYQJo_uk2rg6jgdgW0O3Q_Mos
Ahmed Ali,Cofounder @ Almdrasa | Software Engineer | Opinions are my own,"Seattle, WA",https://www.linkedin.com/in/ahusseinali?miniProfileUrn=urn%3Ali%3Afs_miniProfile%3AACoAAAuE3voBMW10ON2C9lKncdTm96-LDFWcZt0,https://media.licdn.com/dms/image/C5603AQHMVqAy1c4iuw/profile-displayphoto-shrink_100_100/0/1618996109801?e=1700697600&v=beta&t=yB8omrb-KspJpC8Or1ERtNmy5erVMcJ4CI6lpyRCCi4
Ahmed Ali,Student at Mehran University of Engineering and Technology Jamshoro,Pakistan,https://www.linkedin.com/in/ahmed-ali-05b5a178?miniProfileUrn=urn%3Ali%3Afs_miniProfile%3AACoAABB17QcBjgMSyk59C4ztaplvVZ3DnQI31pA,
Ahmed Ali,Data Architect | Solution Design | Enterprise Fraud Management | Program Management,Lahore District,https://www.linkedin.com/in/ahmedali90?miniProfileUrn=urn%3Ali%3Afs_miniProfile%3AACoAAAbXUs0BKSqNpBEydFOrHLwCko_pSm0TJps,https://media.licdn.com/dms/image/C4E03AQEkmzvAQBOOpg/profile-displayphoto-shrink_100_100/0/1580104266907?e=1700697600&v=beta&t=HYaSCNLrV7oGkMGUDgfVnsymDTHoj9-N9i3XH1YpWhk
Ahmed Ali,Certified Blockchain Architect | Autodidact | Blockchain Architect at InvoZone | Blockchain Security Engineer | Blockchain Auditor | Ethereum | EVM | Blockchain | DeFi developer | Full Stack Blockchain Engineer,Lahore,https://www.linkedin.com/in/1xahmed?miniProfileUrn=urn%3Ali%3Afs_miniProfile%3AACoAADlZx0MBfPAFZKEA9BBK0RPVX-pj39soajY,https://media.licdn.com/dms/image/C4D03AQGvq3TPPYty5g/profile-displayphoto-shrink_100_100/0/1652605445827?e=1700697600&v=beta&t=teEKfIFsC4vLd3Gq0hkLd5quRqH1O7OIwEjqCQdpfwA
Ahmed Ali,Technical writer,Pakistan,https://www.linkedin.com/in/ahmali?miniProfileUrn=urn%3Ali%3Afs_miniProfile%3AACoAAAuNPQcB5F-QOT3wcnmxOERcbCoNWmsa0RE,https://media.licdn.com/dms/image/C5103AQHvl71kspP98A/profile-displayphoto-shrink_100_100/0/1547406831104?e=1700697600&v=beta&t=C7OdTBksuw5vG1TXHtNGMzF1UMsXIkN3nPUQPBNh8LM
Ahmed Ali,Electrical Engineer,Pakistan,https://www.linkedin.com/in/ahmed-ali-08708227?miniProfileUrn=urn%3Ali%3Afs_miniProfile%3AACoAAAWHBecBB_gMkjNQI46y8nFqphmvlM-dgiw,
Ahmed Ali,Head Of E-Commerce | Shopify Website Creator & Manager | Meta Ads Manager & Specialist | Product Manufacturer | Exporter | Daraz Stores Manager,Multan,https://www.linkedin.com/in/ahmad-ali-821295206?miniProfileUrn=urn%3Ali%3Afs_miniProfile%3AACoAADRd91kBI3j-ioxTZ2VRP44Q2BZsoHZWn3Y,https://media.licdn.com/dms/image/D4D35AQF-6Qg8DGcPZQ/profile-framedphoto-shrink_100_100/0/1675791651916?e=1695625200&v=beta&t=R2RtJ68U0Dm6Yrfwr7e2S8pbDNGBxcQcTXhXjl-uE-g
Ahmed Ali,PMP춽 | CSM춽 | Agile Delivery Manager | BA,"Isl캐m캐b캐d, Pakistan",https://www.linkedin.com/in/ahmed-ali-a0b79941?miniProfileUrn=urn%3Ali%3Afs_miniProfile%3AACoAAAjWP2sBdHw97dLv24emYiXxdUgARfol5ds,https://media.licdn.com/dms/image/D4D03AQEYUi9_MlCvqg/profile-displayphoto-shrink_100_100/0/1674641813424?e=1700697600&v=beta&t=nqjBcQOyWwBz9dO2CzsfrVe2Pk57pI-gFj6yRqbsx2k
Ahmed Ali,Business Strategist,Pakistan,https://www.linkedin.com/in/ahmed-ali-60971416?miniProfileUrn=urn%3Ali%3Afs_miniProfile%3AACoAAANPI2kBGwOA-B43NuLRIKg_cNPkyy0YSB0,https://media.licdn.com/dms/image/D4D03AQGohk2jqXqAnQ/profile-displayphoto-shrink_100_100/0/1693875651695?e=1700697600&v=beta&t=X1kFz26s3iXZdeGPPiskUKEjXL9wRiS0DdIVWza_ggo
Ahmed Ali,Assistant Manager Talent Acquisition at i2c Inc. | We're Hiring! 游눤游Java Developers | Mobile Developers | Technical Project Manager | Business Analyst | Artificial Intelligence | Quality Consultant | Client Engagement,Lahore,https://www.linkedin.com/in/ahmed-ali-799648125?miniProfileUrn=urn%3Ali%3Afs_miniProfile%3AACoAAB7ilmUBblQ8bJn4wyZtci3gmCWTiy9Hwyo,https://media.licdn.com/dms/image/D4D03AQFX8lQ37IJw2A/profile-displayphoto-shrink_100_100/0/1673245879488?e=1700697600&v=beta&t=ukXl64UjDqv0nR_-XMbYQJo_uk2rg6jgdgW0O3Q_Mos
Ahmed Ali,Cofounder @ Almdrasa | Software Engineer | Opinions are my own,"Seattle, WA",https://www.linkedin.com/in/ahusseinali?miniProfileUrn=urn%3Ali%3Afs_miniProfile%3AACoAAAuE3voBMW10ON2C9lKncdTm96-LDFWcZt0,https://media.licdn.com/dms/image/C5603AQHMVqAy1c4iuw/profile-displayphoto-shrink_100_100/0/1618996109801?e=1700697600&v=beta&t=yB8omrb-KspJpC8Or1ERtNmy5erVMcJ4CI6lpyRCCi4
Ahmed Ali,Student at Mehran University of Engineering and Technology Jamshoro,Pakistan,https://www.linkedin.com/in/ahmed-ali-05b5a178?miniProfileUrn=urn%3Ali%3Afs_miniProfile%3AACoAABB17QcBjgMSyk59C4ztaplvVZ3DnQI31pA,
Ahmed Ali,Data Architect | Solution Design | Enterprise Fraud Management | Program Management,Lahore District,https://www.linkedin.com/in/ahmedali90?miniProfileUrn=urn%3Ali%3Afs_miniProfile%3AACoAAAbXUs0BKSqNpBEydFOrHLwCko_pSm0TJps,https://media.licdn.com/dms/image/C4E03AQEkmzvAQBOOpg/profile-displayphoto-shrink_100_100/0/1580104266907?e=1700697600&v=beta&t=HYaSCNLrV7oGkMGUDgfVnsymDTHoj9-N9i3XH1YpWhk
Ahmed Ali,Certified Blockchain Architect | Autodidact | Blockchain Architect at InvoZone | Blockchain Security Engineer | Blockchain Auditor | Ethereum | EVM | Blockchain | DeFi developer | Full Stack Blockchain Engineer,Lahore,https://www.linkedin.com/in/1xahmed?miniProfileUrn=urn%3Ali%3Afs_miniProfile%3AACoAADlZx0MBfPAFZKEA9BBK0RPVX-pj39soajY,https://media.licdn.com/dms/image/C4D03AQGvq3TPPYty5g/profile-displayphoto-shrink_100_100/0/1652605445827?e=1700697600&v=beta&t=teEKfIFsC4vLd3Gq0hkLd5quRqH1O7OIwEjqCQdpfwA
Ahmed Ali,Technical writer,Pakistan,https://www.linkedin.com/in/ahmali?miniProfileUrn=urn%3Ali%3Afs_miniProfile%3AACoAAAuNPQcB5F-QOT3wcnmxOERcbCoNWmsa0RE,https://media.licdn.com/dms/image/C5103AQHvl71kspP98A/profile-displayphoto-shrink_100_100/0/1547406831104?e=1700697600&v=beta&t=C7OdTBksuw5vG1TXHtNGMzF1UMsXIkN3nPUQPBNh8LM
Ahmed Ali,Electrical Engineer,Pakistan,https://www.linkedin.com/in/ahmed-ali-08708227?miniProfileUrn=urn%3Ali%3Afs_miniProfile%3AACoAAAWHBecBB_gMkjNQI46y8nFqphmvlM-dgiw,
Ahmed Ali,Head Of E-Commerce | Shopify Website Creator & Manager | Meta Ads Manager & Specialist | Product Manufacturer | Exporter | Daraz Stores Manager,Multan,https://www.linkedin.com/in/ahmad-ali-821295206?miniProfileUrn=urn%3Ali%3Afs_miniProfile%3AACoAADRd91kBI3j-ioxTZ2VRP44Q2BZsoHZWn3Y,https://media.licdn.com/dms/image/D4D35AQF-6Qg8DGcPZQ/profile-framedphoto-shrink_100_100/0/1675791651916?e=1695625200&v=beta&t=R2RtJ68U0Dm6Yrfwr7e2S8pbDNGBxcQcTXhXjl-uE-g
Ahmed Ali,PMP춽 | CSM춽 | Agile Delivery Manager | BA,"Isl캐m캐b캐d, Pakistan",https://www.linkedin.com/in/ahmed-ali-a0b79941?miniProfileUrn=urn%3Ali%3Afs_miniProfile%3AACoAAAjWP2sBdHw97dLv24emYiXxdUgARfol5ds,https://media.licdn.com/dms/image/D4D03AQEYUi9_MlCvqg/profile-displayphoto-shrink_100_100/0/1674641813424?e=1700697600&v=beta&t=nqjBcQOyWwBz9dO2CzsfrVe2Pk57pI-gFj6yRqbsx2k
Ahmed Ali,Business Strategist,Pakistan,https://www.linkedin.com/in/ahmed-ali-60971416?miniProfileUrn=urn%3Ali%3Afs_miniProfile%3AACoAAANPI2kBGwOA-B43NuLRIKg_cNPkyy0YSB0,https://media.licdn.com/dms/image/D4D03AQGohk2jqXqAnQ/profile-displayphoto-shrink_100_100/0/1693875651695?e=1700697600&v=beta&t=X1kFz26s3iXZdeGPPiskUKEjXL9wRiS0DdIVWza_ggo
Ahmed Ali,Assistant Manager Talent Acquisition at i2c Inc. | We're Hiring! 游눤游Java Developers | Mobile Developers | Technical Project Manager | Business Analyst | Artificial Intelligence | Quality Consultant | Client Engagement,Lahore,https://www.linkedin.com/in/ahmed-ali-799648125?miniProfileUrn=urn%3Ali%3Afs_miniProfile%3AACoAAB7ilmUBblQ8bJn4wyZtci3gmCWTiy9Hwyo,https://media.licdn.com/dms/image/D4D03AQFX8lQ37IJw2A/profile-displayphoto-shrink_100_100/0/1673245879488?e=1700697600&v=beta&t=ukXl64UjDqv0nR_-XMbYQJo_uk2rg6jgdgW0O3Q_Mos
Ahmed Ali,Cofounder @ Almdrasa | Software Engineer | Opinions are my own,"Seattle, WA",https://www.linkedin.com/in/ahusseinali?miniProfileUrn=urn%3Ali%3Afs_miniProfile%3AACoAAAuE3voBMW10ON2C9lKncdTm96-LDFWcZt0,https://media.licdn.com/dms/image/C5603AQHMVqAy1c4iuw/profile-displayphoto-shrink_100_100/0/1618996109801?e=1700697600&v=beta&t=yB8omrb-KspJpC8Or1ERtNmy5erVMcJ4CI6lpyRCCi4
Ahmed Ali,Student at Mehran University of Engineering and Technology Jamshoro,Pakistan,https://www.linkedin.com/in/ahmed-ali-05b5a178?miniProfileUrn=urn%3Ali%3Afs_miniProfile%3AACoAABB17QcBjgMSyk59C4ztaplvVZ3DnQI31pA,
Ahmed Ali,Data Architect | Solution Design | Enterprise Fraud Management | Program Management,Lahore District,https://www.linkedin.com/in/ahmedali90?miniProfileUrn=urn%3Ali%3Afs_miniProfile%3AACoAAAbXUs0BKSqNpBEydFOrHLwCko_pSm0TJps,https://media.licdn.com/dms/image/C4E03AQEkmzvAQBOOpg/profile-displayphoto-shrink_100_100/0/1580104266907?e=1700697600&v=beta&t=HYaSCNLrV7oGkMGUDgfVnsymDTHoj9-N9i3XH1YpWhk
Ahmed Ali,Certified Blockchain Architect | Autodidact | Blockchain Architect at InvoZone | Blockchain Security Engineer | Blockchain Auditor | Ethereum | EVM | Blockchain | DeFi developer | Full Stack Blockchain Engineer,Lahore,https://www.linkedin.com/in/1xahmed?miniProfileUrn=urn%3Ali%3Afs_miniProfile%3AACoAADlZx0MBfPAFZKEA9BBK0RPVX-pj39soajY,https://media.licdn.com/dms/image/C4D03AQGvq3TPPYty5g/profile-displayphoto-shrink_100_100/0/1652605445827?e=1700697600&v=beta&t=teEKfIFsC4vLd3Gq0hkLd5quRqH1O7OIwEjqCQdpfwA
Ahmed Ali,Technical writer,Pakistan,https://www.linkedin.com/in/ahmali?miniProfileUrn=urn%3Ali%3Afs_miniProfile%3AACoAAAuNPQcB5F-QOT3wcnmxOERcbCoNWmsa0RE,https://media.licdn.com/dms/image/C5103AQHvl71kspP98A/profile-displayphoto-shrink_100_100/0/1547406831104?e=1700697600&v=beta&t=C7OdTBksuw5vG1TXHtNGMzF1UMsXIkN3nPUQPBNh8LM
Ahmed Ali,Electrical Engineer,Pakistan,https://www.linkedin.com/in/ahmed-ali-08708227?miniProfileUrn=urn%3Ali%3Afs_miniProfile%3AACoAAAWHBecBB_gMkjNQI46y8nFqphmvlM-dgiw,
Ahmed Ali,Head Of E-Commerce | Shopify Website Creator & Manager | Meta Ads Manager & Specialist | Product Manufacturer | Exporter | Daraz Stores Manager,Multan,https://www.linkedin.com/in/ahmad-ali-821295206?miniProfileUrn=urn%3Ali%3Afs_miniProfile%3AACoAADRd91kBI3j-ioxTZ2VRP44Q2BZsoHZWn3Y,https://media.licdn.com/dms/image/D4D35AQF-6Qg8DGcPZQ/profile-framedphoto-shrink_100_100/0/1675791651916?e=1695625200&v=beta&t=R2RtJ68U0Dm6Yrfwr7e2S8pbDNGBxcQcTXhXjl-uE-g
Ahmed Ali,PMP춽 | CSM춽 | Agile Delivery Manager | BA,"Isl캐m캐b캐d, Pakistan",https://www.linkedin.com/in/ahmed-ali-a0b79941?miniProfileUrn=urn%3Ali%3Afs_miniProfile%3AACoAAAjWP2sBdHw97dLv24emYiXxdUgARfol5ds,https://media.licdn.com/dms/image/D4D03AQEYUi9_MlCvqg/profile-displayphoto-shrink_100_100/0/1674641813424?e=1700697600&v=beta&t=nqjBcQOyWwBz9dO2CzsfrVe2Pk57pI-gFj6yRqbsx2k
Ahmed Ali,Business Strategist,Pakistan,https://www.linkedin.com/in/ahmed-ali-60971416?miniProfileUrn=urn%3Ali%3Afs_miniProfile%3AACoAAANPI2kBGwOA-B43NuLRIKg_cNPkyy0YSB0,https://media.licdn.com/dms/image/D4D03AQGohk2jqXqAnQ/profile-displayphoto-shrink_100_100/0/1693875651695?e=1700697600&v=beta&t=X1kFz26s3iXZdeGPPiskUKEjXL9wRiS0DdIVWza_ggo
Ahmed Ali,Assistant Manager Talent Acquisition at i2c Inc. | We're Hiring! 游눤游Java Developers | Mobile Developers | Technical Project Manager | Business Analyst | Artificial Intelligence | Quality Consultant | Client Engagement,Lahore,https://www.linkedin.com/in/ahmed-ali-799648125?miniProfileUrn=urn%3Ali%3Afs_miniProfile%3AACoAAB7ilmUBblQ8bJn4wyZtci3gmCWTiy9Hwyo,https://media.licdn.com/dms/image/D4D03AQFX8lQ37IJw2A/profile-displayphoto-shrink_100_100/0/1673245879488?e=1700697600&v=beta&t=ukXl64UjDqv0nR_-XMbYQJo_uk2rg6jgdgW0O3Q_Mos
Ahmed Ali,Cofounder @ Almdrasa | Software Engineer | Opinions are my own,"Seattle, WA",https://www.linkedin.com/in/ahusseinali?miniProfileUrn=urn%3Ali%3Afs_miniProfile%3AACoAAAuE3voBMW10ON2C9lKncdTm96-LDFWcZt0,https://media.licdn.com/dms/image/C5603AQHMVqAy1c4iuw/profile-displayphoto-shrink_100_100/0/1618996109801?e=1700697600&v=beta&t=yB8omrb-KspJpC8Or1ERtNmy5erVMcJ4CI6lpyRCCi4
Ahmed Ali,Student at Mehran University of Engineering and Technology Jamshoro,Pakistan,https://www.linkedin.com/in/ahmed-ali-05b5a178?miniProfileUrn=urn%3Ali%3Afs_miniProfile%3AACoAABB17QcBjgMSyk59C4ztaplvVZ3DnQI31pA,
Ahmed Ali,Data Architect | Solution Design | Enterprise Fraud Management | Program Management,Lahore District,https://www.linkedin.com/in/ahmedali90?miniProfileUrn=urn%3Ali%3Afs_miniProfile%3AACoAAAbXUs0BKSqNpBEydFOrHLwCko_pSm0TJps,https://media.licdn.com/dms/image/C4E03AQEkmzvAQBOOpg/profile-displayphoto-shrink_100_100/0/1580104266907?e=1700697600&v=beta&t=HYaSCNLrV7oGkMGUDgfVnsymDTHoj9-N9i3XH1YpWhk
Ahmed Ali,Certified Blockchain Architect | Autodidact | Blockchain Architect at InvoZone | Blockchain Security Engineer | Blockchain Auditor | Ethereum | EVM | Blockchain | DeFi developer | Full Stack Blockchain Engineer,Lahore,https://www.linkedin.com/in/1xahmed?miniProfileUrn=urn%3Ali%3Afs_miniProfile%3AACoAADlZx0MBfPAFZKEA9BBK0RPVX-pj39soajY,https://media.licdn.com/dms/image/C4D03AQGvq3TPPYty5g/profile-displayphoto-shrink_100_100/0/1652605445827?e=1700697600&v=beta&t=teEKfIFsC4vLd3Gq0hkLd5quRqH1O7OIwEjqCQdpfwA
Ahmed Ali,Technical writer,Pakistan,https://www.linkedin.com/in/ahmali?miniProfileUrn=urn%3Ali%3Afs_miniProfile%3AACoAAAuNPQcB5F-QOT3wcnmxOERcbCoNWmsa0RE,https://media.licdn.com/dms/image/C5103AQHvl71kspP98A/profile-displayphoto-shrink_100_100/0/1547406831104?e=1700697600&v=beta&t=C7OdTBksuw5vG1TXHtNGMzF1UMsXIkN3nPUQPBNh8LM
Ahmed Ali,Electrical Engineer,Pakistan,https://www.linkedin.com/in/ahmed-ali-08708227?miniProfileUrn=urn%3Ali%3Afs_miniProfile%3AACoAAAWHBecBB_gMkjNQI46y8nFqphmvlM-dgiw,
Ahmed Ali,Head Of E-Commerce | Shopify Website Creator & Manager | Meta Ads Manager & Specialist | Product Manufacturer | Exporter | Daraz Stores Manager,Multan,https://www.linkedin.com/in/ahmad-ali-821295206?miniProfileUrn=urn%3Ali%3Afs_miniProfile%3AACoAADRd91kBI3j-ioxTZ2VRP44Q2BZsoHZWn3Y,https://media.licdn.com/dms/image/D4D35AQF-6Qg8DGcPZQ/profile-framedphoto-shrink_100_100/0/1675791651916?e=1695625200&v=beta&t=R2RtJ68U0Dm6Yrfwr7e2S8pbDNGBxcQcTXhXjl-uE-g
Ahmed Ali,PMP춽 | CSM춽 | Agile Delivery Manager | BA,"Isl캐m캐b캐d, Pakistan",https://www.linkedin.com/in/ahmed-ali-a0b79941?miniProfileUrn=urn%3Ali%3Afs_miniProfile%3AACoAAAjWP2sBdHw97dLv24emYiXxdUgARfol5ds,https://media.licdn.com/dms/image/D4D03AQEYUi9_MlCvqg/profile-displayphoto-shrink_100_100/0/1674641813424?e=1700697600&v=beta&t=nqjBcQOyWwBz9dO2CzsfrVe2Pk57pI-gFj6yRqbsx2k
Ahmed Ali,Business Strategist,Pakistan,https://www.linkedin.com/in/ahmed-ali-60971416?miniProfileUrn=urn%3Ali%3Afs_miniProfile%3AACoAAANPI2kBGwOA-B43NuLRIKg_cNPkyy0YSB0,https://media.licdn.com/dms/image/D4D03AQGohk2jqXqAnQ/profile-displayphoto-shrink_100_100/0/1693875651695?e=1700697600&v=beta&t=X1kFz26s3iXZdeGPPiskUKEjXL9wRiS0DdIVWza_ggo
Ahmed Ali,Assistant Manager Talent Acquisition at i2c Inc. | We're Hiring! 游눤游Java Developers | Mobile Developers | Technical Project Manager | Business Analyst | Artificial Intelligence | Quality Consultant | Client Engagement,Lahore,https://www.linkedin.com/in/ahmed-ali-799648125?miniProfileUrn=urn%3Ali%3Afs_miniProfile%3AACoAAB7ilmUBblQ8bJn4wyZtci3gmCWTiy9Hwyo,https://media.licdn.com/dms/image/D4D03AQFX8lQ37IJw2A/profile-displayphoto-shrink_100_100/0/1673245879488?e=1700697600&v=beta&t=ukXl64UjDqv0nR_-XMbYQJo_uk2rg6jgdgW0O3Q_Mos
Ahmed Ali,Cofounder @ Almdrasa | Software Engineer | Opinions are my own,"Seattle, WA",https://www.linkedin.com/in/ahusseinali?miniProfileUrn=urn%3Ali%3Afs_miniProfile%3AACoAAAuE3voBMW10ON2C9lKncdTm96-LDFWcZt0,https://media.licdn.com/dms/image/C5603AQHMVqAy1c4iuw/profile-displayphoto-shrink_100_100/0/1618996109801?e=1700697600&v=beta&t=yB8omrb-KspJpC8Or1ERtNmy5erVMcJ4CI6lpyRCCi4
Ahmed Ali,Student at Mehran University of Engineering and Technology Jamshoro,Pakistan,https://www.linkedin.com/in/ahmed-ali-05b5a178?miniProfileUrn=urn%3Ali%3Afs_miniProfile%3AACoAABB17QcBjgMSyk59C4ztaplvVZ3DnQI31pA,
Ahmed Ali,Data Architect | Solution Design | Enterprise Fraud Management | Program Management,Lahore District,https://www.linkedin.com/in/ahmedali90?miniProfileUrn=urn%3Ali%3Afs_miniProfile%3AACoAAAbXUs0BKSqNpBEydFOrHLwCko_pSm0TJps,https://media.licdn.com/dms/image/C4E03AQEkmzvAQBOOpg/profile-displayphoto-shrink_100_100/0/1580104266907?e=1700697600&v=beta&t=HYaSCNLrV7oGkMGUDgfVnsymDTHoj9-N9i3XH1YpWhk
Ahmed Ali,Certified Blockchain Architect | Autodidact | Blockchain Architect at InvoZone | Blockchain Security Engineer | Blockchain Auditor | Ethereum | EVM | Blockchain | DeFi developer | Full Stack Blockchain Engineer,Lahore,https://www.linkedin.com/in/1xahmed?miniProfileUrn=urn%3Ali%3Afs_miniProfile%3AACoAADlZx0MBfPAFZKEA9BBK0RPVX-pj39soajY,https://media.licdn.com/dms/image/C4D03AQGvq3TPPYty5g/profile-displayphoto-shrink_100_100/0/1652605445827?e=1700697600&v=beta&t=teEKfIFsC4vLd3Gq0hkLd5quRqH1O7OIwEjqCQdpfwA
Ahmed Ali,Technical writer,Pakistan,https://www.linkedin.com/in/ahmali?miniProfileUrn=urn%3Ali%3Afs_miniProfile%3AACoAAAuNPQcB5F-QOT3wcnmxOERcbCoNWmsa0RE,https://media.licdn.com/dms/image/C5103AQHvl71kspP98A/profile-displayphoto-shrink_100_100/0/1547406831104?e=1700697600&v=beta&t=C7OdTBksuw5vG1TXHtNGMzF1UMsXIkN3nPUQPBNh8LM
Ahmed Ali,Electrical Engineer,Pakistan,https://www.linkedin.com/in/ahmed-ali-08708227?miniProfileUrn=urn%3Ali%3Afs_miniProfile%3AACoAAAWHBecBB_gMkjNQI46y8nFqphmvlM-dgiw,
Ahmed Ali,Head Of E-Commerce | Shopify Website Creator & Manager | Meta Ads Manager & Specialist | Product Manufacturer | Exporter | Daraz Stores Manager,Multan,https://www.linkedin.com/in/ahmad-ali-821295206?miniProfileUrn=urn%3Ali%3Afs_miniProfile%3AACoAADRd91kBI3j-ioxTZ2VRP44Q2BZsoHZWn3Y,https://media.licdn.com/dms/image/D4D35AQF-6Qg8DGcPZQ/profile-framedphoto-shrink_100_100/0/1675791651916?e=1695625200&v=beta&t=R2RtJ68U0Dm6Yrfwr7e2S8pbDNGBxcQcTXhXjl-uE-g
Ahmed Ali,PMP춽 | CSM춽 | Agile Delivery Manager | BA,"Isl캐m캐b캐d, Pakistan",https://www.linkedin.com/in/ahmed-ali-a0b79941?miniProfileUrn=urn%3Ali%3Afs_miniProfile%3AACoAAAjWP2sBdHw97dLv24emYiXxdUgARfol5ds,https://media.licdn.com/dms/image/D4D03AQEYUi9_MlCvqg/profile-displayphoto-shrink_100_100/0/1674641813424?e=1700697600&v=beta&t=nqjBcQOyWwBz9dO2CzsfrVe2Pk57pI-gFj6yRqbsx2k
